No.,compound,valence,RA(pm)Ⅻ,RB(pm)Ⅵ,RA/RB,polA,polB,polA-polB,negA,negB,negB-negA,NegA(Bau),NegB(Bau),Neg(B-A),ZA,ZB,RA(ai),RB(ai),ZA/RA,ZB/RB,(ZA/RA)/(ZB/RB),(ZA/RA)+(ZB/RB),Y
1,"Ba(W,Cu)1/2 O3",2 6 2,175,80.5,2.17391304347826,1.55,0.287,1.263,1.005,1.8245,0.8195,0.9,2,1.1,2.9,5.15,1.75,0.805,1.65714285714286,6.39751552795031,0.259029126213592,8.05465838509317,F
2,"Sr(W,Cu)1/2 O3",2 6 2,158,80.5,1.96273291925466,0.86,0.287,0.573,1.004,1.8245,0.8205,1,2,1,2.9,5.15,1.58,0.805,1.83544303797468,6.39751552795031,0.286899348654295,8.23295856592499,F
3,"Ba(Cu1/3,Ta2/3) O3",2 2 5,175,81,2.16049382716049,1.55,0.336666666666667,1.21333333333333,1.005,1.75966666666667,0.754666666666667,0.9,1.8,0.9,2.9,4.96666666666667,1.75,0.81,1.65714285714286,6.13168724279835,0.27025886864813,7.78883009994121,F
4,"Ba(Cu1/3,Nb2/3) O3",2 2 5,175,81,2.16049382716049,1.55,0.272,1.278,1.005,1.68633333333333,0.681333333333333,0.9,1.8,0.9,2.9,3.96666666666667,1.75,0.81,1.65714285714286,4.89711934156379,0.338391356542617,6.55426219870664,F
5,"Sr(Cu1/3,Nb2/3) O3",2 2 5,158,81,1.95061728395062,0.86,0.272,0.588,1.004,1.68633333333333,0.682333333333333,1,1.8,0.8,2.9,3.96666666666667,1.58,0.81,1.83544303797468,4.89711934156379,0.374800553132645,6.73256237953847,F
6,"Sr(Cu1/3,Ta2/3) O3",2 2 5,158,81,1.95061728395062,0.86,0.336666666666667,0.523333333333333,1.004,1.75966666666667,0.755666666666666,1,1.8,0.8,2.9,4.96666666666667,1.58,0.81,1.83544303797468,6.13168724279835,0.299337354515334,7.96713028077304,F
7,"Pb(Sc2/3,W1/3) O3",2 3 6,163,83.6666666666667,1.94820717131474,2,0.284,1.716,1.241,1.588,0.347,1.6,1.53333333333333,-0.0666666666666669,8.1,3.96666666666667,1.63,0.836666666666667,4.96932515337423,4.74103585657371,1.04815177604784,9.71036100994794,F
8,"Pb(Cd1/3,Nb2/3) O3",2 2 5,163,88.3333333333333,1.84528301886792,2,0.537333333333333,1.46266666666667,1.241,1.62,0.379,1.6,1.7,0.0999999999999999,8.1,4.53333333333333,1.63,0.883333333333333,4.96932515337423,5.13207547169811,0.968287621797185,10.1014006250723,F
9,"Ba(Bi,Nb)1/2 O3",2 3 5,175,97.5,1.79487179487179,1.55,1.0005,0.5495,1.005,1.5845,0.5795,0.9,1.75,0.85,2.9,6.25,1.75,0.975,1.65714285714286,6.41025641025641,0.258514285714286,8.06739926739927,F
10,"Ba(Bi,Ta)1/2 O3",2 3 5,175,97.5,1.79487179487179,1.55,1.049,0.501,1.005,1.6395,0.6345,0.9,1.75,0.85,2.9,7,1.75,0.975,1.65714285714286,7.17948717948718,0.230816326530612,8.83663003663004,F
11,"Ba(Bi2/3,W1/3) O3",2 3 6,175,102.666666666667,1.70454545454545,1.55,1.25333333333333,0.296666666666667,1.005,1.64266666666667,0.637666666666667,0.9,1.86666666666667,0.966666666666667,2.9,7.8,1.75,1.02666666666667,1.65714285714286,7.5974025974026,0.218119658119658,9.25454545454545,F
12,"Tl(Hf,W)1/2 O3",1 4 6,184,79.5,2.31446540880503,3.13,0.387,2.743,1.096,1.85,0.754,1.4,1.7,0.3,7.3,5.1,1.84,0.795,3.96739130434783,6.41509433962264,0.618446291560102,10.3824856439705,F
13,"Tl(Ce,W)1/2 O3",1 4 6,184,87.5,2.10285714285714,3.13,0.505,2.625,1.096,1.772,0.676,1.4,1.6,0.2,7.3,4.3,1.84,0.875,3.96739130434783,4.91428571428571,0.807317997977755,8.88167701863354,F
14,"Tl(Th,W)1/2 O3",1 4 6,184,91,2.02197802197802,3.13,0.5685,2.5615,1.096,1.766,0.67,1.4,1.7,0.3,7.3,4.8,1.84,0.91,3.96739130434783,5.27472527472527,0.752151268115942,9.2421165790731,F
15,"Tl(Na1/5,W4/5) O3",1 1 6,184,82.4,2.23300970873786,3.13,0.2598,2.8702,1.096,1.8968,0.8008,1.4,1.78,0.38,7.3,4.92,1.84,0.824,3.96739130434783,5.97087378640777,0.66445740544362,9.93826509075559,F
16,"Tl(Mg1/4,W3/4) O3",1 2 6,184,77,2.38961038961039,3.13,0.2335,2.8965,1.096,1.901,0.805,1.4,1.8,0.4,7.3,4.925,1.84,0.77,3.96739130434783,6.39610389610389,0.620282498344736,10.3634952004517,F
17,"Tl(Cd1/4,W3/4) O3",1 2 6,184,82.75,2.22356495468278,3.13,0.4825,2.6475,1.096,1.9285,0.8325,1.4,1.925,0.525,7.3,5.8,1.84,0.8275,3.96739130434783,7.00906344410876,0.566037293853074,10.9764547484566,F
18,"Tl(Y1/3,W2/3) O3",1 3 6,184,84,2.19047619047619,3.13,0.37,2.76,1.096,1.82433333333333,0.728333333333333,1.4,1.73333333333333,0.333333333333333,7.3,4.81666666666667,1.84,0.84,3.96739130434783,5.73412698412698,0.691891078682112,9.70151828847481,F
19,"Tl(Gd1/3,W2/3) O3",1 3 6,184,85.2666666666667,2.15793588741204,3.13,0.473,2.657,1.096,1.84533333333333,0.749333333333333,1.4,1.76666666666667,0.366666666666667,7.3,4.98333333333333,1.84,0.852666666666667,3.96739130434783,5.84440969507428,0.678835247927876,9.8118009994221,F
20,"Tl(Dy1/3,W2/3) O3",1 3 6,184,84.4,2.18009478672986,3.13,0.450333333333333,2.67966666666667,1.096,1.85933333333333,0.763333333333333,1.4,1.76666666666667,0.366666666666667,7.3,4.86666666666667,1.84,0.844,3.96739130434783,5.76619273301738,0.68804347826087,9.7335840373652,F
21,"Tl(Fe1/3,W2/3) O3",1 3 6,184,75.5,2.43708609271523,3.13,0.298666666666667,2.83133333333333,1.096,1.98366666666667,0.887666666666667,1.4,1.93333333333333,0.533333333333333,7.3,5.2,1.84,0.755,3.96739130434783,6.88741721854305,0.576034698996656,10.8548085228909,F
22,"Tl(Ti,W)1/2 O3",1 4 6,184,74.25,2.47811447811448,3.13,0.2325,2.8975,1.096,1.8545,0.7585,1.4,1.8,0.4,7.3,4.5,1.84,0.7425,3.96739130434783,6.06060606060606,0.654619565217391,10.0279973649539,F
23,KNbO3,1 5,178,78,2.28205128205128,0.839,0.261,0.578,0.897,1.771,0.874,0.8,1.7,0.9,2.2,3.6,1.78,0.78,1.23595505617978,4.61538461538461,0.267790262172285,5.85133967156439,F
24,KTaO3,1 5,178,78,2.28205128205128,0.839,0.358,0.481,0.897,1.881,0.984,0.8,1.7,0.9,2.2,5.1,1.78,0.78,1.23595505617978,6.53846153846154,0.189028420356907,7.77441659464131,F
25,NaTaO3,1 5,153,78,1.96153846153846,0.179,0.358,-0.179,0.956,1.881,0.925,1.2,1.7,0.5,2.2,5.1,1.53,0.78,1.43790849673203,6.53846153846154,0.219915417147251,7.97637003519356,F
26,SrTiO3,2 4,158,74.5,2.12080536912752,0.86,0.185,0.675,1.004,1.577,0.573,1,1.6,0.6,2.9,3.4,1.58,0.745,1.83544303797468,4.56375838926174,0.402177959791512,6.39920142723643,F
27,CdTiO3,2 4,145,74.5,1.94630872483221,1.09,0.185,0.905,1.318,1.577,0.259,1.7,1.6,-0.0999999999999999,6.4,3.4,1.45,0.745,4.41379310344828,4.56375838926174,0.967139959432049,8.97755149271002,F
28,BaTiO3,2 4,175,74.5,2.3489932885906,1.55,0.185,1.365,1.005,1.577,0.572,0.9,1.6,0.7,2.9,3.4,1.75,0.745,1.65714285714286,4.56375838926174,0.363109243697479,6.2209012464046,F
29,PbTiO3,2 4,163,74.5,2.18791946308725,2,0.185,1.815,1.241,1.577,0.336,1.6,1.6,0,8.1,3.4,1.63,0.745,4.96932515337423,4.56375838926174,1.08886683507759,9.53308354263598,F
30,"(K,Bi)1/2Ti O3",1 3 4,162.5,74.5,2.18120805369128,1.2895,0.185,1.1045,1.1475,1.577,0.4295,1.3,1.6,0.3,5.55,3.4,1.625,0.745,3.41538461538462,4.56375838926174,0.748371040723982,7.97914300464636,F
31,"(Na,Bi)1/2Ti O3",1 3 4,144,74.5,1.93288590604027,0.9595,0.185,0.7745,1.177,1.577,0.4,1.35,1.6,0.25,5.55,3.4,1.44,0.745,3.85416666666667,4.56375838926174,0.844515931372549,8.41792505592841,F
32,"Pb(Sc,Nb)1/2 O3",2 3 5,163,83.25,1.95795795795796,2,0.2735,1.7265,1.241,1.5435,0.3025,1.6,1.5,-0.1,8.1,3.375,1.63,0.8325,4.96932515337423,4.05405405405405,1.22576687116564,9.02337920742829,F
33,"Pb(Fe,Nb)1/2 O3",2 3 5,163,78.25,2.08306709265176,2,0.2985,1.7015,1.241,1.729,0.488,1.6,1.75,0.15,8.1,4,1.63,0.7825,4.96932515337423,5.11182108626198,0.972124233128834,10.0811462396362,F
34,"Pb(Sc,Ta)1/2 O3",2 3 5,163,83.25,1.95795795795796,2,0.322,1.678,1.241,1.5985,0.3575,1.6,1.5,-0.1,8.1,4.125,1.63,0.8325,4.96932515337423,4.95495495495495,1.00290016731735,9.92428010832919,F
35,"Pb(Fe,Ta)1/2 O3",2 3 5,163,78.25,2.08306709265176,2,0.347,1.653,1.241,1.784,0.543,1.6,1.75,0.15,8.1,4.75,1.63,0.7825,4.96932515337423,6.0702875399361,0.818630933161124,11.0396126933103,F
36,"Pb(Mg1/3,Nb2/3) O3",2 2 5,163,80.6666666666667,2.02066115702479,2,0.205333333333333,1.79466666666667,1.241,1.58333333333333,0.342333333333333,1.6,1.53333333333333,-0.0666666666666669,8.1,3.36666666666667,1.63,0.806666666666667,4.96932515337423,4.17355371900826,1.19066998724412,9.1428788723825,F
37,"Pb(Zn1/3,Nb2/3) O3",2 2 5,163,81.3333333333333,2.00409836065574,2,0.27,1.73,1.241,1.65666666666667,0.415666666666666,1.6,1.66666666666667,0.0666666666666664,8.1,4.2,1.63,0.813333333333333,4.96932515337423,5.16393442622951,0.962313759859772,10.1332595796037,F
38,"Pb(Co1/3,Nb2/3) O3",2 2 5,163,81.5,2,2,0.325,1.675,1.241,1.66966666666667,0.428666666666667,1.6,1.7,0.0999999999999999,8.1,3.95,1.63,0.815,4.96932515337423,4.84662576687117,1.0253164556962,9.8159509202454,F
39,"Pb(Ni1/3,Nb2/3) O3",2 2 5,163,79.6666666666667,2.04602510460251,2,0.302666666666667,1.69733333333333,1.241,1.68133333333333,0.440333333333333,1.6,1.73333333333333,0.133333333333333,8.1,4.03333333333333,1.63,0.796666666666667,4.96932515337423,5.06276150627615,0.981544389798712,10.0320866596504,F
40,"Pb(Mg1/3,Ta2/3) O3",2 2 5,163,80.6666666666667,2.02066115702479,2,0.27,1.73,1.241,1.65666666666667,0.415666666666667,1.6,1.53333333333333,-0.0666666666666669,8.1,4.36666666666667,1.63,0.806666666666667,4.96932515337423,5.41322314049587,0.917997471081347,10.3825482938701,F
41,"Pb(Co1/3,Ta2/3) O3",2 2 5,163,81.5,2,2,0.389666666666667,1.61033333333333,1.241,1.743,0.502,1.6,1.7,0.0999999999999999,8.1,4.95,1.63,0.815,4.96932515337423,6.07361963190184,0.818181818181818,11.0429447852761,F
42,"Pb(Ni1/3,Ta2/3) O3",2 2 5,163,79.6666666666667,2.04602510460251,2,0.367333333333333,1.63266666666667,1.241,1.75466666666667,0.513666666666666,1.6,1.73333333333333,0.133333333333333,8.1,5.03333333333333,1.63,0.796666666666667,4.96932515337423,6.31799163179916,0.786535570633405,11.2873167851734,F
43,"Pb(Fe2/3,W1/3) O3",2 3 6,163,77,2.11688311688312,2,0.317333333333333,1.68266666666667,1.241,1.83533333333333,0.594333333333333,1.6,2.2,0.6,8.1,4.8,1.63,0.77,4.96932515337423,6.23376623376623,0.797162576687117,11.2030913871405,F
44,DyCrO3,3 3,150,75.5,1.98675496688742,0.791,0.383,0.408,1.314,1.661,0.347,1.3,1.6,0.3,3.4,3.45,1.5,0.755,2.26666666666667,4.56953642384106,0.496038647342995,6.83620309050773,F
45,HoCrO3,3 3,135,75.5,1.78807947019868,0.757,0.383,0.374,1.32,1.661,0.341,1.3,1.6,0.3,3.45,3.45,1.35,0.755,2.55555555555556,4.56953642384106,0.559259259259259,7.12509197939661,F
46,YbCrO3,3 3,133,75.5,1.76158940397351,0.689,0.383,0.306,1.269,1.661,0.392,1.2,1.6,0.4,3.6,3.45,1.33,0.755,2.70676691729323,4.56953642384106,0.592350441320693,7.27630334113429,F
47,LuCrO3,3 3,132,75.5,1.74834437086093,0.661,0.383,0.278,1.313,1.661,0.348,1.3,1.6,0.3,4.1,3.45,1.32,0.755,3.10606060606061,4.56953642384106,0.679732103645147,7.67559702990166,F
48,PrCrO3,3 3,143,75.5,1.89403973509934,0.971,0.383,0.588,1.263,1.661,0.398,1.2,1.6,0.4,3.05,3.45,1.43,0.755,2.13286713286713,4.56953642384106,0.466757879801358,6.70240355670819,F
49,YCrO3,3 3,136,75.5,1.80132450331126,0.55,0.383,0.167,1.209,1.661,0.452,1.2,1.6,0.4,3.25,3.45,1.36,0.755,2.38970588235294,4.56953642384106,0.522964620630861,6.959242306194,F
50,"Pb(Co,W)1/2 O3",2 2 6,163,81.25,2.00615384615385,2,0.3665,1.6335,1.241,1.7995,0.5585,1.6,1.85,0.25,8.1,5.125,1.63,0.8125,4.96932515337423,6.30769230769231,0.787819841388598,11.2770174610665,F
51,"Ba(Bi,U)1/2 O3",2 5 3,175,103.5,1.69082125603865,1.55,0.7485,0.8015,1.005,1.6,0.595,0.9,1.85,0.95,2.9,6.25,1.75,1.035,1.65714285714286,6.03864734299517,0.274422857142857,7.69579020013803,F
52,"Tl(Zr,W)1/2 O3",1 4 6,184,80,2.3,3.13,0.325,2.805,1.096,1.804,0.708,1.4,1.75,0.35,7.3,4.6,1.84,0.8,3.96739130434783,5.75,0.689981096408318,9.71739130434782,F
53,CdHfO3,2 4,145,85,1.70588235294118,1.09,0.494,0.596,1.318,1.568,0.25,1.7,1.4,-0.3,6.4,4.6,1.45,0.85,4.41379310344828,5.41176470588235,0.815592203898051,9.82555780933063,F
54,"Cd(Fe,Nb)1/2 O3",2 3 5,145,78.25,1.85303514376997,1.09,0.2985,0.7915,1.318,1.729,0.411,1.7,1.75,0.05,6.4,4,1.45,0.7825,4.41379310344828,5.11182108626198,0.863448275862069,9.52561418971026,F
55,"Cd(Sc,Nb)1/2 O3",2 3 5,145,83.25,1.74174174174174,1.09,0.2735,0.8165,1.318,1.5435,0.2255,1.7,1.5,-0.2,6.4,3.375,1.45,0.8325,4.41379310344828,4.05405405405405,1.08873563218391,8.46784715750233,F
56,"Cd(Cr,Nb)1/2 O3",2 3 5,145,76.75,1.88925081433225,1.09,0.322,0.768,1.318,1.716,0.398,1.7,1.65,-0.05,6.4,3.525,1.45,0.7675,4.41379310344828,4.5928338762215,0.961017363658596,9.00662697966978,F
57,"Cd(Mg1/3,Nb2/3) O3",2 2 5,145,80.6666666666667,1.79752066115702,1.09,0.205333333333333,0.884666666666667,1.318,1.58333333333333,0.265333333333333,1.7,1.53333333333333,-0.166666666666667,6.4,3.36666666666667,1.45,0.806666666666667,4.41379310344828,4.17355371900826,1.05756230795493,8.58734682245654,F
58,"Pb(Cr,Nb)1/2 O3",2 3 5,163,76.75,2.12377850162866,2,0.322,1.678,1.241,1.716,0.475,1.6,1.65,0.0499999999999998,8.1,3.525,1.63,0.7675,4.96932515337423,4.5928338762215,1.08197363268503,9.56215902959573,F
59,"Pb(Li1/4,Sc1/4,W1/2) O3",2 1 3 6,163,81.625,1.99693721286371,2,0.21875,1.78125,1.241,1.63075,0.38975,1.6,1.5625,-0.0375000000000001,8.1,4.0125,1.63,0.81625,4.96932515337423,4.91577335375191,1.01089387076429,9.88509850712614,F
60,"Pb(Li1/4,Fe1/4,W1/2) O3",2 1 3 6,163,79.125,2.06003159557662,2,0.23125,1.76875,1.241,1.7235,0.4825,1.6,1.6875,0.0874999999999999,8.1,4.325,1.63,0.79125,4.96932515337423,5.46603475513428,0.909127983261818,10.4353599085085,F
61,"Pb(Li1/4,Co1/4,W1/2) O3",2 1 3 6,163,78.25,2.08306709265176,2,0.22075,1.77925,1.241,1.738,0.497,1.6,1.6625,0.0625,8.1,4.3875,1.63,0.7825,4.96932515337423,5.60702875399361,0.886267107126003,10.5763539073678,F
62,"Pb(Li1/4,In1/4,W1/2) O3",2 1 3 6,163,83,1.96385542168675,2,0.32975,1.67025,1.241,1.663,0.422,1.6,1.6875,0.0874999999999999,8.1,4.875,1.63,0.83,4.96932515337423,5.87349397590361,0.846059462010382,10.8428191292778,F
63,"Pb(Li1/4,Y1/4,W1/2) O3",2 1 3 6,163,85.5,1.90643274853801,2,0.28475,1.71525,1.241,1.604,0.363,1.6,1.5375,-0.0625,8.1,4.0375,1.63,0.855,4.96932515337423,4.72222222222222,1.05232767953807,9.69154737559646,F
64,"Pb(Li1/4,Tb1/4,W1/2) O3",2 1 3 6,163,86.075,1.89369735695614,2,0.3525,1.6475,1.241,1.627,0.386,1.6,1.5625,-0.0375000000000001,8.1,4.0625,1.63,0.86075,4.96932515337423,4.71972117339529,1.05288532326569,9.68904632676953,F
65,"Pb(Li1/4,Yb1/4,W1/2) O3",2 1 3 6,163,84.7,1.92443919716647,2,0.3195,1.6805,1.241,1.619,0.378,1.6,1.5375,-0.0625,8.1,4.125,1.63,0.847,4.96932515337423,4.87012987012987,1.02036809815951,9.8394550235041,F
66,"Pb(Li1/4,Ho1/4,W1/2) O3",2 1 3 6,163,85.525,1.90587547500731,2,0.3365,1.6635,1.241,1.63175,0.39075,1.6,1.5625,-0.0375000000000001,8.1,4.0875,1.63,0.85525,4.96932515337423,4.77930429698918,1.03975910395677,9.74862945036342,F
67,"Pb(Li1/4,Gd1/4,W1/2) O3",2 1 3 6,163,86.45,1.88548293811452,2,0.362,1.638,1.241,1.61975,0.37875,1.6,1.5625,-0.0375000000000001,8.1,4.1625,1.63,0.8645,4.96932515337423,4.81492192018508,1.03206765047256,9.78424707355931,F
68,"Pb(Li1/4,Pr1/4,W1/2) O3",2 1 3 6,163,87.75,1.85754985754986,2,0.39,1.61,1.241,1.6175,0.3765,1.6,1.5375,-0.0625,8.1,3.9875,1.63,0.8775,4.96932515337423,4.54415954415954,1.09356309017828,9.51348469753378,F
69,"Pb(Li1/4,La1/4,W1/2) O3",2 1 3 6,163,88.8,1.83558558558559,2,0.40725,1.59275,1.241,1.60475,0.36375,1.6,1.5375,-0.0625,8.1,4.075,1.63,0.888,4.96932515337423,4.58896396396396,1.08288607023223,9.5582891173382,F
70,"Pb(Li1/4,Sm1/4,W1/2) O3",2 1 3 6,163,86.95,1.87464059804485,2,0.37225,1.62775,1.241,1.6205,0.3795,1.6,1.5625,-0.0375000000000001,8.1,4.025,1.63,0.8695,4.96932515337423,4.62909718228867,1.07349769462333,9.5984223356629,F
71,"Pb(Na1/4,Y1/4,W1/2) O3",2 1 3 6,163,92,1.77173913043478,2,0.32225,1.67775,1.241,1.60725,0.36625,1.6,1.525,-0.0750000000000002,8.1,4.1625,1.63,0.92,4.96932515337423,4.52445652173913,1.09832531918422,9.49378167511336,F
72,"Pb(Na1/4,Ho1/4,W1/2) O3",2 1 3 6,163,92.025,1.77125781037761,2,0.374,1.626,1.241,1.635,0.394,1.6,1.55,-0.05,8.1,4.2125,1.63,0.92025,4.96932515337423,4.57756044553111,1.08558373231873,9.54688559890534,F
73,"Pb(Li1/3,Zr1/6,W1/2) O3",2 1 4 6,163,81,2.01234567901235,2,0.211333333333333,1.78866666666667,1.241,1.62633333333333,0.385333333333333,1.6,1.56666666666667,-0.0333333333333334,8.1,3.96666666666667,1.63,0.81,4.96932515337423,4.89711934156379,1.014744548126,9.86644449493802,F
74,"Pb(Cd4/9,Nb2/9,W1/3) O3",2 2 5 6,163,90.4444444444444,1.8022113022113,2,0.635777777777778,1.36422222222222,1.241,1.69,0.449,1.6,1.8,0.2,8.1,5.51111111111111,1.63,0.904444444444444,4.96932515337423,6.09336609336609,0.815530377993271,11.0626912467403,F
75,"Pb(Sc5/9,Nb1/9,W1/3) O3",2 3 3 6  ,163,83.3888888888889,1.95469686875416,2,0.281222222222222,1.71877777777778,1.241,1.63855555555556,0.397555555555555,1.6,1.57777777777778,-0.0222222222222224,8.1,4.01666666666667,1.63,0.833888888888889,4.96932515337423,4.81678880746169,1.03166764249166,9.78611396083592,F
76,"Pb(Sc1/4,Cr1/4,Nb1/2) O3",2 3 3 5,163,78,2.08974358974359,2,0.29775,1.70225,1.241,1.62975,0.38875,1.6,1.575,-0.0249999999999999,8.1,3.45,1.63,0.78,4.96932515337423,4.42307692307692,1.1234995998933,9.39240207645116,F
77,"Pb(Mg1/4,Mn1/4,W1/2) O3",2 2 2 6,163,75.25,2.16611295681063,2,0.29525,1.70475,1.241,1.7245,0.4835,1.6,1.65,0.0499999999999998,8.1,4.5625,1.63,0.7525,4.96932515337423,6.06312292358804,0.819598285570216,11.0324480769623,F
78,"Pb(Cd1/4,Mn1/4,W1/2) O3",2 2 2 6,163,81,2.01234567901235,2,0.54425,1.45575,1.241,1.752,0.511,1.6,1.775,0.175,8.1,5.4375,1.63,0.81,4.96932515337423,6.71296296296296,0.740258091812989,11.6822881163372,F
79,"Pb(Co1/4,Mn1/4,W1/2) O3",2 2 2 6,163,72.5,2.24827586206897,2,0.385,1.615,1.241,1.78925,0.54825,1.6,1.775,0.175,8.1,5,1.63,0.725,4.96932515337423,6.89655172413793,0.720552147239264,11.8658768775122,F
80,"Pb(Ni1/4,Mn1/4,W1/2) O3",2 2 2 6,163,74.5,2.18791946308725,2,0.36825,1.63175,1.241,1.798,0.557,1.6,1.8,0.2,8.1,5.0625,1.63,0.745,4.96932515337423,6.79530201342282,0.731288343558282,11.7646271667971,F
81,"Pb(Ni1/4,Mn1/4,Nb1/2) O3",2 2 4 5,163,76.5,2.13071895424837,2,0.2855,1.7145,1.241,1.74925,0.50825,1.6,1.825,0.225,8.1,4.0625,1.63,0.765,4.96932515337423,5.31045751633987,0.935762151958471,10.2797826697141,F
82,"Pb(Co1/4,Mn1/4,Nb1/2) O3",2 2 4 5,163,74.5,2.18791946308725,2,0.30225,1.69775,1.241,1.7405,0.4995,1.6,1.8,0.2,8.1,4,1.63,0.745,4.96932515337423,5.36912751677852,0.925536809815951,10.3384526701528,F
83,"Pb(Mg1/4,Mn1/4,Nb1/2) O3",2 2 4 5,163,77.25,2.11003236245955,2,0.2125,1.7875,1.241,1.67575,0.43475,1.6,1.675,0.0749999999999997,8.1,3.5625,1.63,0.7725,4.96932515337423,4.61165048543689,1.07755892799483,9.58097563881113,F
84,"Pb(Zn1/4,Mn1/4,Nb1/2) O3",2 2 4 5,163,77.75,2.09646302250804,2,0.261,1.739,1.241,1.73075,0.48975,1.6,1.775,0.175,8.1,4.1875,1.63,0.7775,4.96932515337423,5.38585209003215,0.922662759820529,10.3551772434064,F
85,"Pb(Li1/3,Nb1/3,W1/3) O3",2 1 5 6,163,80.6666666666667,2.02066115702479,2,0.19,1.81,1.241,1.61533333333333,0.374333333333333,1.6,1.55,-0.05,8.1,3.63333333333333,1.63,0.806666666666667,4.96932515337423,4.50413223140496,1.10328136432712,9.47345738477919,F
86,"Pb(Mg1/4,Mn1/4,Ta1/2) O3",2 2 4 5,163,77.25,2.11003236245955,2,0.261,1.739,1.241,1.73075,0.48975,1.6,1.675,0.0749999999999997,8.1,4.3125,1.63,0.7725,4.96932515337423,5.58252427184466,0.89015737530008,10.5518494252189,F
87,"Pb(Ni1/4,Mn1/4,Ta1/2) O3",2 2 4 5,163,76.5,2.13071895424837,2,0.334,1.666,1.241,1.80425,0.56325,1.6,1.825,0.225,8.1,4.8125,1.63,0.765,4.96932515337423,6.29084967320261,0.789929089315592,11.2601748265768,F
88,"Pb(Na1/4,Sc1/4,W1/2) O3",2 1 3 6,163,88.125,1.84964539007092,2,0.25625,1.74375,1.241,1.634,0.393,1.6,1.55,-0.05,8.1,4.1375,1.63,0.88125,4.96932515337423,4.69503546099291,1.05842121846793,9.66436061436714,F
89,"Pb(Na1/4,Dy1/4,W1/2) O3",2 1 3 6,163,92.3,1.76598049837486,2,0.3825,1.6175,1.241,1.6335,0.3925,1.6,1.55,-0.05,8.1,4.2,1.63,0.923,4.96932515337423,4.55037919826652,1.09206836108677,9.51970435164075,F
90,"Pb(Fe1/2,Mn1/4,W1/4) O3",2 3 4 6,163,74.5,2.18791946308725,2,0.2965,1.7035,1.241,1.86475,0.62375,1.6,1.925,0.325,8.1,4.6375,1.63,0.745,4.96932515337423,6.2248322147651,0.798306682321036,11.1941573681393,F
91,"Sr(Fe,Ta)1/2 O3",2 3 5,158,78.25,2.01916932907348,0.86,0.347,0.513,1.004,1.784,0.78,1,1.75,0.75,2.9,4.75,1.58,0.7825,1.83544303797468,6.0702875399361,0.30236508994004,7.90573057791079,F
92,"Pb(Li1/4,Ni1/4,W1/2) O3",2 1 3 6,163,80.25,2.03115264797508,2,0.19475,1.80525,1.241,1.74825,0.50725,1.6,1.6875,0.0874999999999999,8.1,4.45,1.63,0.8025,4.96932515337423,5.54517133956386,0.896153581029848,10.5144964929381,F
93,"Pb(Ni1/2,Ti1/4,W1/4) O3",2 3 4 6,163,78.625,2.0731319554849,2,0.21125,1.78875,1.241,1.82025,0.57925,1.6,1.8,0.2,8.1,4.7,1.63,0.78625,4.96932515337423,5.97774244833068,0.831304659966062,10.9470676017049,F
94,"Pb(Mn,Nb)1/2 O3",2 3 5,163,82.25,1.98176291793313,2,0.295,1.705,1.241,1.6355,0.3945,1.6,1.6,0,8.1,3.875,1.63,0.8225,4.96932515337423,4.7112462006079,1.05477933900653,9.68057135398213,F
95,"Pb(Sc2/3,Te1/3) O3",2 3 6,163,82.3333333333333,1.97975708502024,2,0.277666666666667,1.72233333333333,1.241,1.52266666666667,0.281666666666667,1.6,1.56666666666667,-0.0333333333333332,8.1,5.1,1.63,0.823333333333333,4.96932515337423,6.19433198380567,0.802237459400938,11.1636571371799,F
96,"Ba(Mg,Te)1/2 O3",2 2 6,175,78,2.24358974358974,1.55,0.1775,1.3725,1.005,1.572,0.567,0.9,1.65,0.75,2.9,5.95,1.75,0.78,1.65714285714286,7.62820512820513,0.217238895558223,9.28534798534798,F
97,"Pb(Fe2/3,Te1/3) O3",2 3 6,163,75.6666666666667,2.15418502202643,2,0.311,1.689,1.241,1.77,0.529,1.6,1.9,0.3,8.1,5.93333333333333,1.63,0.756666666666667,4.96932515337423,7.84140969162996,0.633728544840422,12.8107348450042,F
98,"(Sr,La)1/2(Cu,Nb)1/2 O3",2 3 2 5,154,82.5,1.86666666666667,0.95,0.2775,0.6725,1.108,1.644,0.536,1.1,1.85,0.75,3.15,4.15,1.54,0.825,2.04545454545455,5.03030303030303,0.406626506024096,7.07575757575758,F
99,"(Sr,La)1/2(Cu,Sb)1/2 O3",2 3 2 5,154,80.5,1.91304347826087,0.95,0.327,0.623,1.108,1.64,0.532,1.1,2.05,0.95,3.15,6.45,1.54,0.805,2.04545454545455,8.01242236024845,0.255285412262157,10.057876905703,F
100,"Ba(Cu,U)1/2 O3",2 2 6,175,87,2.01149425287356,1.55,0.397,1.153,1.005,1.7085,0.7035,0.9,1.95,1.05,2.9,4.15,1.75,0.87,1.65714285714286,4.77011494252874,0.347401032702237,6.42725779967159,F
101,"(Sr,La)1/2(Cu,Ta)1/2 O3",2 3 2 5,154,82.5,1.86666666666667,0.95,0.326,0.624,1.108,1.699,0.591,1.1,1.3645,0.2645,3.15,4.9,1.54,0.825,2.04545454545455,5.93939393939394,0.344387755102041,7.98484848484849,F
102,"Sr(Co,Re)1/2 O3",2 2 6,158,78.75,2.00634920634921,0.86,0.3715,0.4885,1.004,1.8415,0.8375,1,1.9,0.9,2.9,5.375,1.58,0.7875,1.83544303797468,6.82539682539683,0.268913747424198,8.66083986337151,F
103,"Sr(Ni,Re)1/2 O3",2 2 6,158,76,2.07894736842105,0.86,0.338,0.522,1.004,1.859,0.855,1,1.95,0.95,2.9,5.5,1.58,0.76,1.83544303797468,7.23684210526316,0.253624856156502,9.07228514323784,F
104,"Ba(Fe,Re)1/2 O3",2 2 6,175,80.5,2.17391304347826,1.55,0.38,1.17,1.005,1.827,0.822,0.9,1.9,1,2.9,5.25,1.75,0.805,1.65714285714286,6.52173913043478,0.254095238095238,8.17888198757764,F
1,"Pb(Mn2/3,W1/3) O3",2 2 4,163,69.3333333333333,2.35096153846154,2,0.406,1.594,1.241,1.56133333333333,0.320333333333333,1.6,1.46666666666667,-0.133333333333334,8.1,4.63333333333333,1.63,0.693333333333333,4.96932515337423,6.68269230769231,0.743611245972547,11.6520174610665,A
2,"Pb(Mn2+,W6+)1/2 O3",2 2 6,163,85.5,1.90643274853801,2,0.4035,1.5965,1.241,1.779,0.538,1.6,1.7,0.0999999999999999,8.1,4.875,1.63,0.855,4.96932515337423,5.70175438596491,0.871543180745635,10.6710795393391,A
3,"Pb(Mn2+,Re6+)1/2 O3",2 2 6,163,83,1.96385542168675,2,0.4085,1.5915,1.241,1.821,0.58,1.6,1.75,0.15,8.1,5.125,1.63,0.83,4.96932515337423,6.17469879518072,0.804788268741583,11.144023948555,A
4,"Pb(Mn3+,Re5+)1/2 O3",2 3 5,163,73.75,2.21016949152542,2,0.4595,1.5405,1.241,1.858,0.617,1.6,1.65,0.0499999999999998,8.1,5.125,1.63,0.7375,4.96932515337423,6.94915254237288,0.715098009875804,11.9184776957471,A
5,"Pb(Mn3+,W5+)1/2 O3",2 3 5,163,77.25,2.11003236245955,2,0.4195,1.5805,1.241,1.744,0.503,1.6,1.7,0.0999999999999999,8.1,4.875,1.63,0.7725,4.96932515337423,6.31067961165049,0.787446908919302,11.2800047650247,A
6,"Pb(Cd,W)1/2 O3",2 2 6,163,91.5,1.78142076502732,2,0.685,1.315,1.241,1.725,0.484,1.6,1.85,0.25,8.1,6,1.63,0.915,4.96932515337423,6.55737704918033,0.75782208588957,11.5267022025546,A
7,NaNbO3,1 5,141,78,1.80769230769231,0.179,0.261,-0.082,0.956,1.771,0.815,0.9,1.7,0.8,2.2,3.6,1.41,0.78,1.56028368794326,4.61538461538461,0.33806146572104,6.17566830332788,A
8,PbZrO3,2 4,163,86,1.8953488372093,2,0.37,1.63,1.241,1.476,0.235,1.6,1.5,-0.1,8.1,3.6,1.63,0.86,4.96932515337423,4.18604651162791,1.18711656441718,9.15537166500214,A
9,PbHfO3,2 4,163,85,1.91764705882353,2,0.494,1.506,1.241,1.568,0.327,1.6,1.4,-0.2,8.1,4.6,1.63,0.85,4.96932515337423,5.41176470588235,0.918244865297413,10.3810898592566,A
10,"Pb(Mg,W)1/2 O3",2 2 6,163,80,2.0375,2,0.187,1.813,1.241,1.67,0.429,1.6,1.6,0,8.1,4.25,1.63,0.8,4.96932515337423,5.3125,0.93540238181162,10.2818251533742,A
11,"Pb(Co,W)1/2 O3",2 3 5,163,81.25,2.00615384615385,2,0.402,1.598,1.241,1.8665,0.6255,1.6,1.85,0.25,8.1,5.125,1.63,0.8125,4.96932515337423,6.30769230769231,0.787819841388598,11.2770174610665,A
12,"Pb(In,Nb)1/2 O3",2 3 5,163,86,1.8953488372093,2,0.4955,1.5045,1.241,1.608,0.367,1.6,1.7,0.0999999999999999,8.1,3.25,1.63,0.86,4.96932515337423,3.77906976744186,1.31495988673903,8.74839492081609,A
13,"Pb(Yb,Nb)1/2 O3",2 3 5,163,89.4,1.82326621923937,2,0.475,1.525,1.241,1.52,0.279,1.6,1.45,-0.15,8.1,3.6,1.63,0.894,4.96932515337423,4.02684563758389,1.2340490797546,8.99617079095812,A
14,"Pb(Ho,Nb)1/2 O3",2 3 5,163,91.05,1.79022515101593,2,0.509,1.491,1.241,1.5455,0.3045,1.6,1.5,-0.1,8.1,3.525,1.63,0.9105,4.96932515337423,3.87149917627677,1.28356611408432,8.840824329651,A
15,"Pb(Lu,Nb)1/2 O3",2 3 5,163,89.05,1.83043234138125,2,0.461,1.539,1.241,1.542,0.301,1.6,1.5,-0.1,8.1,3.85,1.63,0.8905,4.96932515337423,4.32341381246491,1.14939845430643,9.29273896583914,A
16,"Pb(Yb,Ta)1/2 O3",2 3 5,163,89.4,1.82326621923937,2,0.5235,1.4765,1.241,1.575,0.334,1.6,1.45,-0.15,8.1,4.35,1.63,0.894,4.96932515337423,4.86577181208054,1.02128199703829,9.83509696545477,A
17,"Pb(Lu,Ta)1/2 O3",2 3 5,163,89.05,1.83043234138125,2,0.5095,1.4905,1.241,1.597,0.356,1.6,1.5,-0.1,8.1,4.6,1.63,0.8905,4.96932515337423,5.1656372824256,0.961996532408642,10.1349624357998,A
18,"Pb(Zn,W)1/2 O3",2 2 6,163,81,2.01234567901235,2,0.284,1.716,1.241,1.78,0.539,1.6,1.8,0.2,8.1,5.5,1.63,0.81,4.96932515337423,6.79012345679012,0.731846068042387,11.7594486101644,A
19,"Pb(Ni,W)1/2 O3",2 2 6,163,78.5,2.07643312101911,2,0.333,1.667,1.241,1.817,0.576,1.6,1.9,0.3,8.1,5.25,1.63,0.785,4.96932515337423,6.68789808917197,0.743032427695004,11.6572232425462,A
20,"Pb(Ga,Nb)1/2 O3",2 3 5,163,77,2.11688311688312,2,0.2295,1.7705,1.241,1.6665,0.4255,1.6,1.65,0.0499999999999998,8.1,3.25,1.63,0.77,4.96932515337423,4.22077922077922,1.17734780556866,9.19010437415345,A
21,"Pb(Bi,Nb)1/2 O3",2 3 5,163,97.5,1.67179487179487,2,1.0005,0.9995,1.241,1.5845,0.3435,1.6,1.75,0.15,8.1,6.25,1.63,0.975,4.96932515337423,6.41025641025641,0.77521472392638,11.3795815636306,A
22,"Pb(Cd1/4,Mn1/4,Nb1/2) O3",2 2 4 5,163,83,1.96385542168675,2,0.4615,1.5385,1.241,1.70325,0.46225,1.6,1.8,0.2,8.1,4.4375,1.63,0.83,4.96932515337423,5.34638554216868,0.929473775166335,10.3157106955429,A
23,"Pb(Cd1/4,Ti1/4,Ta1/2) O3",2 2 4 5,163,84.875,1.92047128129602,2,0.49775,1.50225,1.241,1.66425,0.42325,1.6,1.675,0.0749999999999997,8.1,5,1.63,0.84875,4.96932515337423,5.89101620029455,0.843542944785276,10.8603413536688,A
24,PbSnO3,2 4,163,83,1.96385542168675,2,0.499,1.501,1.241,1.583,0.342,1.6,1.9,0.3,8.1,7.4,1.63,0.83,4.96932515337423,8.91566265060241,0.557370253689272,13.8849878039766,A
25,"Pb(Cd1/3,Mn1/3,W1/3) O3",2 2 4 6,163,83.3333333333333,1.956,2,0.534666666666667,1.46533333333333,1.241,1.801,0.56,1.6,1.93333333333333,0.333333333333333,8.1,5.38333333333333,1.63,0.833333333333333,4.96932515337423,6.46,0.769245379779293,11.4293251533742,A
26,BiFeO3,3 3,147,78.5,1.87261146496815,1.74,0.336,1.404,1.398,1.687,0.289,1.8,1.8,0,8.9,4.4,1.47,0.785,6.05442176870748,5.60509554140127,1.08016388373531,11.6595173101088,A
27,BiMnO3,3 3,147,78.5,1.87261146496815,1.74,0.329,1.411,1.398,1.5,0.102,1.8,1.5,-0.3,8.9,4.15,1.47,0.785,6.05442176870748,5.28662420382166,1.14523399721334,11.3410459725291,A
28,"Pb(Fe2/3,U1/3) O3",2 3 6,163,81.3333333333333,2.00409836065574,2,0.390666666666667,1.60933333333333,1.241,1.758,0.517,1.6,1.83333333333333,0.233333333333333,8.1,4.13333333333333,1.63,0.813333333333333,4.96932515337423,5.08196721311475,0.97783494953493,10.051292366489,A
29,"Pb(Mg,Te)1/2 O3",2 2 6,163,78,2.08974358974359,2,0.1775,1.8225,1.241,1.572,0.331,1.6,1.65,0.0499999999999998,8.1,5.95,1.63,0.78,4.96932515337423,7.62820512820513,0.65144094447595,12.5975302815794,A
30,"Pb(Co,Te)1/2 O3",2 2 6,163,79.25,2.05678233438486,2,0.357,1.643,1.241,1.7015,0.4605,1.6,1.9,0.3,8.1,6.825,1.63,0.7925,4.96932515337423,8.61198738170347,0.577024202791074,13.5813125350777,A
31,"Pb(Ni,Te)1/2 O3",2 2 6,163,76.5,2.13071895424837,2,0.3235,1.6765,1.241,1.719,0.478,1.6,1.95,0.35,8.1,6.95,1.63,0.765,4.96932515337423,9.08496732026144,0.546983272277883,14.0542924736357,A
32,"Pb(Zn,Te)1/2 O3",2 2 6,163,79,2.06329113924051,2,0.2745,1.7255,1.241,1.682,0.441,1.6,1.85,0.25,8.1,7.2,1.63,0.79,4.96932515337423,9.11392405063291,0.545245398773006,14.0832492040071,A
33,"Pb(Mn,Te)1/2 O3",2 2 6,163,83.5,1.95209580838323,2,0.394,1.606,1.241,1.681,0.44,1.6,1.75,0.15,8.1,6.575,1.63,0.835,4.96932515337423,7.87425149700599,0.631085399706081,12.8435766503802,A
34,"Pb(Cd,Te)1/2 O3",2 2 6,163,89.5,1.82122905027933,2,0.6755,1.3245,1.241,1.627,0.386,1.6,1.9,0.3,8.1,7.7,1.63,0.895,4.96932515337423,8.60335195530726,0.577603378216875,13.5726771086815,A
35,"Pb(Ca,Te)1/2 O3",2 2 6,163,92,1.77173913043478,2,0.3665,1.6335,1.241,1.484,0.243,1.6,1.55,-0.05,8.1,5.95,1.63,0.92,4.96932515337423,6.46739130434783,0.768366242202402,11.4367164577221,A
36,"Ba(Co,Te)1/2 O3",2 2 6,175,79.25,2.20820189274448,1.55,0.357,1.193,1.005,1.7015,0.6965,0.9,1.9,1,2.9,6.825,1.75,0.7925,1.65714285714286,8.61198738170347,0.192422815279958,10.2691302388463,A
37,"Ba(Mn,Te)1/2 O3",2 2 6,175,83.5,2.09580838323353,1.55,0.394,1.156,1.005,1.681,0.676,0.9,1.75,0.85,2.9,6.575,1.75,0.835,1.65714285714286,7.87425149700599,0.210450841933732,9.53139435414885,A
38,"Ba(Ca,Te)1/2 O3",2 2 6,175,92,1.90217391304348,1.55,0.3665,1.1835,1.005,1.484,0.479,0.9,1.55,0.65,2.9,5.95,1.75,0.92,1.65714285714286,6.46739130434783,0.256230492196879,8.12453416149068,A
39,"Ba(Cd,Te)1/2 O3",2 2 6,175,89.5,1.95530726256983,1.55,0.6755,0.8745,1.005,1.627,0.622,0.9,1.9,1,2.9,7.7,1.75,0.895,1.65714285714286,8.60335195530726,0.192615955473098,10.2604948124501,A
40,"Pb(Zr0.94,Ti0.06) O3",2 4 4,163,85.31,1.91067870120736,2,0.3589,1.6411,1.241,1.48206,0.24106,1.6,1.506,-0.0940000000000001,8.1,3.588,1.63,0.8531,4.96932515337423,4.20583753370062,1.18153045940456,9.17516268707486,A
41,Pb0.92La0.08(Zr0.65Ti0.35)0.98 O3 PLZT8/65/35 ,2 3 4 4,161.96,76.9545,2.10462026262272,1.9232,0.30525,1.61795,1.241,1.481123,0.240123,1.6,1.5043,-0.0956999999999999,7.724,3.4594,1.6196,0.769545,4.76907878488516,4.49538363578478,1.06088360221843,9.26446242066994,A
42,AgNbO3,1 5,157,78,2.01282051282051,1.72,0.261,1.459,1.161,1.771,0.61,1.9,1.7,-0.2,5.7,3.6,1.57,0.78,3.63057324840764,4.61538461538461,0.786624203821656,8.24595786379226,A
43,AgTaO3,1 5,157,78,2.01282051282051,1.72,0.358,1.362,1.161,1.881,0.72,1.9,1.7,-0.2,5.7,5.1,1.57,0.78,3.63057324840764,6.53846153846154,0.55526414387411,10.1690347868692,A
44,"Sr(Mn,Re)1/2 O3",2 2 6,158,83,1.90361445783133,0.86,0.4085,0.4515,1.004,1.821,0.817,1,1.75,0.75,2.9,5.125,1.58,0.83,1.83544303797468,6.17469879518072,0.297252238345168,8.01014183315541,A
45,"Ba(Mn,Re)1/2 O3",2 2 6,175,83,2.10843373493976,1.55,0.4085,1.1415,1.005,1.821,0.816,0.9,1.75,0.85,2.9,5.125,1.75,0.83,1.65714285714286,6.17469879518072,0.268376306620209,7.83184165232358,A
46,"Ba(Co,Re)1/2 O3",2 2 6,175,78.75,2.22222222222222,1.55,0.3715,1.1785,1.005,1.8415,0.8365,0.9,1.9,1,2.9,5.375,1.75,0.7875,1.65714285714286,6.82539682539683,0.242790697674419,8.48253968253968,A
47,"Pb(Fe,Re)1/2 O3",2 2 6,163,80.5,2.02484472049689,2,0.463,1.537,1.241,1.827,0.586,1.6,1.9,0.3,8.1,5.25,1.63,0.805,4.96932515337423,6.52173913043478,0.761963190184049,11.491064283809,A
48,"Pb(Co,Re)1/2 O3",2 2 6,163,78.75,2.06984126984127,2,0.442,1.558,1.241,1.8415,0.6005,1.6,1.9,0.3,8.1,5.375,1.63,0.7875,4.96932515337423,6.82539682539683,0.728063917819946,11.7947219787711,A
49,"Pb(Ni,Re)1/2 O3",2 2 6,163,76,2.14473684210526,2,0.39,1.61,1.241,1.859,0.618,1.6,1.95,0.35,8.1,5.5,1.63,0.76,4.96932515337423,7.23684210526316,0.686670384829894,12.2061672586374,A
1,"Ba(Zn1/3,Nb2/3) O3",2 2 5,175,81.3333333333333,2.1516393442623,1.55,0.27,1.28,1.005,1.65666666666667,0.651666666666667,0.9,1.66666666666667,0.766666666666666,2.9,4.2,1.75,0.813333333333333,1.65714285714286,5.16393442622951,0.320907029478458,6.82107728337237,P
2,"Ba(Cd1/3,Nb2/3) O3",2 2 5,175,88.3333333333333,1.9811320754717,1.55,0.537333333333333,1.01266666666667,1.005,1.62,0.615,0.9,1.7,0.8,2.9,4.53333333333333,1.75,0.883333333333333,1.65714285714286,5.13207547169811,0.322899159663866,6.78921832884097,P
3,"Ba(Mg1/3,Nb2/3) O3",2 2 5,175,80.6666666666667,2.16942148760331,1.55,0.205333333333333,1.34466666666667,1.005,1.58333333333333,0.578333333333333,0.9,1.53333333333333,0.633333333333333,2.9,3.36666666666667,1.75,0.806666666666667,1.65714285714286,4.17355371900826,0.397057991513437,5.83069657615112,P
4,"Sr(Cd1/3,Nb2/3) O3",2 2 5,158,88.3333333333333,1.78867924528302,0.86,0.537333333333333,0.322666666666667,1.004,1.62,0.616,1,1.7,0.7,2.9,4.53333333333333,1.58,0.883333333333333,1.83544303797468,5.13207547169811,0.357641474311243,6.9675185096728,P
5,"Ba(Fe,Nb)1/2 O3",2 3 5,175,78.25,2.23642172523962,1.55,0.2985,1.2515,1.005,1.729,0.724,0.9,1.75,0.85,2.9,4,1.75,0.7825,1.65714285714286,5.11182108626198,0.324178571428571,6.76896394340484,P
6,"Ba(Sc,Nb)1/2 O3",2 3 5,175,83.25,2.1021021021021,1.55,0.2735,1.2765,1.005,1.5435,0.5385,0.9,1.5,0.6,2.9,3.375,1.75,0.8325,1.65714285714286,4.05405405405405,0.408761904761905,5.71119691119691,P
7,"Ca(Cr,Nb)1/2 O3",2 3 5,148,76.75,1.92833876221498,0.472,0.322,0.15,1.032,1.716,0.684,1,1.65,0.65,2.9,3.525,1.48,0.7675,1.95945945945946,4.5928338762215,0.4266340808894,6.55229333568096,P
8,"La(Mg,Ti)1/2 O3",3 2 4,150,80.25,1.86915887850467,1.04,0.1395,0.9005,1.212,1.3925,0.1805,1.2,1.4,0.2,3.4,3.15,1.5,0.8025,2.26666666666667,3.92523364485981,0.577460317460317,6.19190031152648,P
9,"Nd(Mg,Ti)1/2 O3",3 2 4,141,80.25,1.75700934579439,0.949,0.1395,0.8095,1.272,1.3925,0.1205,1.3,1.4,0.0999999999999999,3.1,3.15,1.41,0.8025,2.19858156028369,3.92523364485981,0.560114826072273,6.1238152051435,P
10,"(Na,La)1/2Ti O3",1 3 4,151.5,74.5,2.03355704697987,0.6095,0.185,0.4245,1.084,1.577,0.493,1.05,1.6,0.55,2.8,3.4,1.515,0.745,1.84818481848185,4.56375838926174,0.404969908755581,6.41194320774359,P
11,"(K,La)1/2Ti O3",1 3 4,164,74.5,2.20134228187919,0.9395,0.185,0.7545,1.0545,1.577,0.5225,1,1.6,0.6,2.8,3.4,1.64,0.745,1.70731707317073,4.56375838926174,0.374103299856528,6.27107546243248,P
12,"(Na,Ce)1/2Ti O3",1 3 4,150.5,74.5,2.02013422818792,0.6045,0.185,0.4195,1.102,1.577,0.475,1.05,1.6,0.55,2.6,3.4,1.505,0.745,1.72757475083056,4.56375838926174,0.378542114520227,6.29133314009231,P
13,"(Na,Nd)1/2Ti O3",1 3 4,147,74.5,1.97315436241611,0.564,0.185,0.379,1.114,1.577,0.463,1.1,1.6,0.5,2.65,3.4,1.47,0.745,1.80272108843537,4.56375838926174,0.395008003201281,6.36647947769712,P
14,LaHoO3,3 3,150,104.1,1.44092219020173,1.04,0.757,0.283,1.212,1.32,0.108,1.2,1.3,0.1,3.4,3.45,1.5,1.041,2.26666666666667,3.31412103746398,0.683942028985507,5.58078770413064,P
15,SrThO3,2 4,158,108,1.46296296296296,0.86,0.857,0.003,1.004,1.4,0.396,1,1.4,0.4,2.9,4,1.58,1.08,1.83544303797468,3.7037037037037,0.495569620253165,5.53914674167839,P
16,CdSnO3,2 4,145,83,1.74698795180723,1.09,0.499,0.591,1.318,1.583,0.265,1.7,1.9,0.2,6.4,7.4,1.45,0.83,4.41379310344828,8.91566265060241,0.495060577819198,13.3294557540507,P
17,SrUO3,2 4,158,103,1.53398058252427,0.86,0.767,0.093,1.004,1.4,0.396,1,1.4,0.4,2.9,3.6,1.58,1.03,1.83544303797468,3.49514563106796,0.52514064697609,5.33058866904264,P
18,CaZrO3,2 4,148,86,1.72093023255814,0.472,0.37,0.102,1.032,1.476,0.444,1,1.5,0.5,2.9,3.6,1.48,0.86,1.95945945945946,4.18604651162791,0.468093093093093,6.14550597108737,P
19,CaHfO3,2 4,148,85,1.74117647058824,0.472,0.494,-0.022,1.032,1.568,0.536,1,1.4,0.4,2.9,4.6,1.48,0.85,1.95945945945946,5.41176470588235,0.362074030552291,7.37122416534181,P
20,CaSnO3,2 4,148,83,1.78313253012048,0.472,0.499,-0.027,1.032,1.583,0.551,1,1.9,0.9,2.9,7.4,1.48,0.83,1.95945945945946,8.91566265060241,0.219777209642074,10.8751221100619,P
21,SrCeO3,2 4,158,101,1.56435643564356,0.86,0.73,0.13,1.004,1.412,0.408,1,1.2,0.2,2.9,3,1.58,1.01,1.83544303797468,2.97029702970297,0.617932489451477,4.80574006767765,P
22,CaMoO3,2 4,148,67,2.2089552238806,0.472,0.708,-0.236,1.032,1.805,0.773,1,1.6,0.6,2.9,3.95,1.48,0.67,1.95945945945946,5.8955223880597,0.332364009579199,7.85498184751916,P
23,CaRuO3,2 4,148,76,1.94736842105263,0.472,0.543,-0.0710000000000001,1.032,1.882,0.85,1,2,1,2.9,4.65,1.48,0.76,1.95945945945946,6.11842105263158,0.320255739610578,8.07788051209104,P
24,CaTiO3,2 4,148,74.5,1.98657718120805,0.472,0.185,0.287,1.032,1.577,0.545,1,1.6,0.6,2.9,3.4,1.48,0.745,1.95945945945946,4.56375838926174,0.429352146263911,6.5232178487212,P
25,CaMnO3,2 4,148,67,2.2089552238806,0.472,0.234,0.238,1.032,1.953,0.921,1,2.1,1.1,2.9,4.15,1.48,0.67,1.95945945945946,6.19402985074627,0.316346466948877,8.15348931020573,P
26,CaUO3,2 4,148,103,1.4368932038835,0.472,0.767,-0.295,1.032,1.4,0.368,1,1.4,0.4,2.9,3.6,1.48,1.03,1.95945945945946,3.49514563106796,0.560623123123123,5.45460509052742,P
27,CdPbO3,2 4,145,91.5,1.58469945355191,1.09,0.618,0.472,1.318,1.557,0.239,1.7,1.8,0.1,6.4,8.1,1.45,0.915,4.41379310344828,8.85245901639344,0.498595146871009,13.2662521198417,P
28,CdUO3,2 4,145,103,1.40776699029126,1.09,0.767,0.323,1.318,1.4,0.0819999999999999,1.7,1.4,-0.3,6.4,3.6,1.45,1.03,4.41379310344828,3.49514563106796,1.26283524904215,7.90893873451624,P
29,CdZrO3,2 4,145,86,1.68604651162791,1.09,0.37,0.72,1.318,1.476,0.158,1.7,1.5,-0.2,6.4,3.6,1.45,0.86,4.41379310344828,4.18604651162791,1.0544061302682,8.59983961507618,P
30,SrPbO3,2 4,158,91.5,1.72677595628415,0.86,0.618,0.242,1.004,1.557,0.553,1,1.8,0.8,2.9,8.1,1.58,0.915,1.83544303797468,8.85245901639344,0.207337083919362,10.6879020543681,P
31,SrSnO3,2 4,158,83,1.90361445783133,0.86,0.499,0.361,1.004,1.583,0.579,1,1.9,0.9,2.9,7.4,1.58,0.83,1.83544303797468,8.91566265060241,0.205867259664728,10.7511056885771,P
32,SrZrO3,2 4,158,86,1.83720930232558,0.86,0.37,0.49,1.004,1.476,0.472,1,1.5,0.5,2.9,3.6,1.58,0.86,1.83544303797468,4.18604651162791,0.438466947960619,6.02148954960259,P
33,KUO3,1 5,178,90,1.97777777777778,0.839,0.767,0.072,0.897,,,0.8,,,2.2,3.6,1.78,0.9,1.23595505617978,4,0.308988764044944,5.23595505617978,P
34,BaSnO3,2 4,175,83,2.10843373493976,1.55,0.499,1.051,1.005,1.583,0.578,0.9,1.9,1,2.9,7.4,1.75,0.83,1.65714285714286,8.91566265060241,0.185868725868726,10.5728055077453,P
35,BaThO3,2 4,175,108,1.62037037037037,1.55,0.857,0.693,1.005,1.4,0.395,0.9,1.4,0.5,2.9,4,1.75,1.08,1.65714285714286,3.7037037037037,0.447428571428571,5.36084656084656,P
36,"Ba(Sb,In)1/2 O3",2 5 3,175,84,2.08333333333333,1.55,0.545,1.005,1.005,1.604,0.599,0.9,1.9,1,2.9,7.4,1.75,0.84,1.65714285714286,8.80952380952381,0.188108108108108,10.4666666666667,P
37,BaUO3,2 4,175,103,1.69902912621359,1.55,0.767,0.783,1.005,1.4,0.395,0.9,1.4,0.5,2.9,3.6,1.75,1.03,1.65714285714286,3.49514563106796,0.474126984126984,5.15228848821082,P
38,"Ba(Bi,Bi)1/2 O3",2 3 5,175,103.5,1.69082125603865,1.55,1.0985,0.4515,1.005,1.599,0.594,0.9,1.8,0.9,2.9,8.9,1.75,1.035,1.65714285714286,8.59903381642512,0.192712680577849,10.256176673568,P
39,"Ba(U,Ba)1/2 O3",2 6 2,175,118,1.48305084745763,1.55,1.025,0.525,1.005,1.4525,0.4475,0.9,1.4,0.5,2.9,3.25,1.75,1.18,1.65714285714286,2.75423728813559,0.60167032967033,4.41138014527845,P
40,"Ba(W,Ba)1/2 O3",2 6 2,175,111.5,1.5695067264574,1.55,0.915,0.635,1.005,1.5685,0.5635,0.9,1.45,0.55,2.9,4.25,1.75,1.115,1.65714285714286,3.81165919282511,0.434756302521008,5.46880204996797,P
41,"Ba(Ni,W)1/2 O3",2 2 6,175,78.5,2.22929936305732,1.55,0.333,1.217,1.005,1.817,0.812,0.9,1.9,1,2.9,5.25,1.75,0.785,1.65714285714286,6.68789808917197,0.24778231292517,8.34504094631483,P
42,BaZrO3,2 4,175,86,2.03488372093023,1.55,0.37,1.18,1.005,1.476,0.471,0.9,1.5,0.6,2.9,3.6,1.75,0.86,1.65714285714286,4.18604651162791,0.395873015873016,5.84318936877076,P
43,"(K,Bi)1/2Zr O3",1 3 4,162.5,86,1.88953488372093,1.2895,0.37,0.9195,1.1475,1.476,0.3285,1.3,1.5,0.2,5.55,3.6,1.625,0.86,3.41538461538462,4.18604651162791,0.815897435897436,7.60143112701252,P
44,SrHfO3,2 4,158,85,1.85882352941176,0.86,0.494,0.366,1.004,1.568,0.564,1,1.4,0.4,2.9,4.6,1.58,0.85,1.83544303797468,5.41176470588235,0.339157952669235,7.24720774385704,P
45,SrMnO3,2 4,158,67,2.35820895522388,0.86,0.234,0.626,1.004,1.953,0.949,1,1.4,0.4,2.9,4.15,1.58,0.67,1.83544303797468,6.19402985074627,0.296324538660973,8.02947288872095,P
,,,,,,,,,,,,,,,,,,,,,,,